TDSFU Daily run: Sun Oct 26 10:24:40 UTC 2025 TDSFU
TDSFU Daily run: Mon Oct 27 04:39:05 UTC 2025 TDSFU
TDSFU Daily run: Tue Oct 28 04:33:59 UTC 2025 TDSFU
TDSFU Daily run: Wed Oct 29 04:37:34 UTC 2025 TDSFU
TDSFU Daily run: Thu Oct 30 04:33:33 UTC 2025 TDSFU
TDSFU Daily run: Fri Oct 31 04:34:51 UTC 2025 TDSFU
TDSFU Daily run: Sat Nov  1 04:30:57 UTC 2025 TDSFU
TDSFU Daily run: Sun Nov  2 04:33:33 UTC 2025 TDSFU
TDSFU Daily run: Mon Nov  3 04:38:06 UTC 2025 TDSFU
TDSFU Daily run: Tue Nov  4 04:33:37 UTC 2025 TDSFU
TDSFU Daily run: Wed Nov  5 04:34:16 UTC 2025 TDSFU
TDSFU Daily run: Thu Nov  6 04:37:38 UTC 2025 TDSFU
TDSFU Daily run: Fri Nov  7 04:33:48 UTC 2025 TDSFU
TDSFU Daily run: Sat Nov  8 04:31:54 UTC 2025 TDSFU
